Date, Average Temperature,Anomaly, Maximum Temperature,Anomaly, Minimum Temperature,Anomaly
189501,23.5,-5.1,34.4,-5.7,12.7,-4.5
189502,23.9,-9.5,35.5,-10.3,12.3,-8.7
189503,42,-0.2,56.1,1.1,27.9,-1.6
189504,58.2,4.6,73.4,6.7,42.9,2.4
189505,65.2,1.7,80.2,4.2,50.1,-0.9
189506,72,-1.4,84.6,-1.3,59.5,-1.3
189507,74.6,-4.2,86.4,-5.3,62.8,-3
189508,75.2,-2.1,87.8,-2.4,62.7,-1.6
189509,72,3.4,86.6,4.7,57.3,2
189510,51.7,-4.8,66,-4,37.4,-5.6
189511,39,-2.9,51.6,-2.8,26.5,-2.9
189512,31.3,-0.2,42.8,0.2,19.9,-0.5
189601,32.5,3.9,44,3.9,21,3.8
189602,36.5,3.1,50.2,4.4,22.8,1.8
189603,37.6,-4.6,50.5,-4.5,24.7,-4.8
189604,59.3,5.7,73.2,6.5,45.5,5
189605,68.2,4.7,81,5,55.4,4.4
189606,73.9,0.5,87.7,1.8,60.1,-0.7
189607,77.6,-1.2,90,-1.7,65.3,-0.5
189608,77.4,0.1,91.6,1.4,63.2,-1.1
189609,65.3,-3.3,78.3,-3.6,52.4,-2.9
189610,53.3,-3.2,67,-3,39.6,-3.4
189611,36.3,-5.6,48.4,-6,24.1,-5.3
189612,38.2,6.7,51.1,8.5,25.3,4.9
189701,27.1,-1.5,37.5,-2.6,16.7,-0.5
189702,32.5,-0.9,42.5,-3.3,22.5,1.5
189703,41.6,-0.6,54.1,-0.9,29,-0.5
189704,53,-0.6,65.7,-1,40.2,-0.3
189705,63.4,-0.1,76.7,0.7,50,-1
189706,74.3,0.9,87.4,1.5,61.2,0.4
189707,79.3,0.5,93.1,1.4,65.5,-0.3
189708,75,-2.3,88.4,-1.8,61.5,-2.8
189709,72.8,4.2,87.8,5.9,57.7,2.4
189710,59.4,2.9,73.7,3.7,45,2
189711,41.1,-0.8,55.1,0.7,27.2,-2.2
189712,28.1,-3.4,38.4,-4.2,17.8,-2.6
189801,30.2,1.6,40.5,0.4,19.9,2.7
189802,35.6,2.2,48.9,3.1,22.3,1.3
189803,41.3,-0.9,55,0,27.7,-1.8
189804,52.2,-1.4,65.6,-1.1,38.8,-1.7
189805,61.7,-1.8,73.3,-2.7,50.2,-0.8
189806,74.1,0.7,85.2,-0.7,62.9,2.1
189807,77,-1.8,89.8,-1.9,64.2,-1.6
189808,76.8,-0.5,90.7,0.5,62.9,-1.4
189809,68.2,-0.4,82.1,0.2,54.3,-1
189810,51.5,-5,64.8,-5.2,38.2,-4.8
189811,37,-4.9,50.2,-4.2,23.8,-5.6
189812,26,-5.5,36.5,-6.1,15.5,-4.9
189901,28.1,-0.5,40,-0.1,16.1,-1.1
189902,19,-14.4,30.5,-15.3,7.4,-13.6
189903,35.8,-6.4,48.9,-6.1,22.6,-6.9
189904,52.5,-1.1,66.6,-0.1,38.4,-2.1
189905,66,2.5,79.6,3.6,52.3,1.3
189906,73,-0.4,85,-0.9,61.1,0.3
189907,75.8,-3,87.6,-4.1,64,-1.8
189908,79.8,2.5,93.6,3.4,66,1.7
189909,68.2,-0.4,83.4,1.5,53,-2.3
189910,59.5,3,74.3,4.3,44.7,1.7
189911,46.4,4.5,58.5,4.1,34.2,4.8
189912,29.7,-1.8,39.6,-3,19.7,-0.7
190001,34,5.4,45.8,5.7,22.2,5
190002,27.1,-6.3,39.4,-6.4,14.8,-6.2
190003,41.4,-0.8,54.4,-0.6,28.4,-1.1
190004,54.3,0.7,65.8,-0.9,42.8,2.3
190005,64.6,1.1,76.9,0.9,52.4,1.4
190006,74.3,0.9,87.8,1.9,60.9,0.1
190007,77.5,-1.3,90.4,-1.3,64.6,-1.2
190008,79.9,2.6,93.5,3.3,66.2,1.9
190009,69.5,0.9,81.4,-0.5,57.7,2.4
190010,59.7,3.2,72.8,2.8,46.6,3.6
190011,40.4,-1.5,53,-1.4,27.7,-1.7
190012,33.7,2.2,46.6,4,20.7,0.3
190101,30.7,2.1,43.6,3.5,17.8,0.6
190102,26.9,-6.5,38,-7.8,15.8,-5.2
190103,40.6,-1.6,54.6,-0.4,26.7,-2.8
190104,51.5,-2.1,63.9,-2.8,39.2,-1.3
190105,62.5,-1,76.5,0.5,48.4,-2.6
190106,76.6,3.2,90.8,4.9,62.4,1.6
190107,84.4,5.6,100,8.3,68.7,2.9
190108,78.2,0.9,92.2,2,64.2,-0.1
190109,68.1,-0.5,80.9,-1,55.3,0
190110,58.2,1.7,71.5,1.5,44.9,1.9
190111,43.1,1.2,57.2,2.8,28.9,-0.5
190112,29.6,-1.9,41.5,-1.1,17.6,-2.8
190201,28.8,0.2,41.5,1.4,16.1,-1.1
190202,27,-6.4,38.3,-7.5,15.8,-5.2
190203,44,1.8,56,1,31.9,2.4
190204,53.7,0.1,67.9,1.2,39.5,-1
190205,67.4,3.9,79,3,55.8,4.8
190206,70.6,-2.8,82.1,-3.8,59.1,-1.7
190207,76.4,-2.4,88.6,-3.1,64.3,-1.5
190208,77.5,0.2,90.4,0.2,64.7,0.4
190209,63.2,-5.4,76.6,-5.3,49.9,-5.4
190210,57.3,0.8,71.4,1.4,43.2,0.2
190211,44.2,2.3,55.3,0.9,33,3.6
190212,26.4,-5.1,35.7,-6.9,17,-3.4
190301,30.8,2.2,41.7,1.6,20,2.8
190302,25.7,-7.7,36.2,-9.6,15.2,-5.8
190303,40.9,-1.3,52.5,-2.5,29.3,-0.2
190304,53.5,-0.1,67.4,0.7,39.4,-1.1
190305,61.2,-2.3,72,-4,50.3,-0.7
190306,66.2,-7.2,77.6,-8.3,54.9,-5.9
190307,77.9,-0.9,90.6,-1.1,65.3,-0.5
190308,75,-2.3,86.7,-3.5,63.2,-1.1
190309,66,-2.6,80.2,-1.7,51.8,-3.5
190310,56,-0.5,69.9,-0.1,42,-1
190311,40.2,-1.7,51.6,-2.8,28.8,-0.6
190312,32.2,0.7,46.1,3.5,18.4,-2
190401,27.9,-0.7,41,0.9,14.8,-2.4
190402,32,-1.4,46.5,0.7,17.6,-3.4
190403,45.1,2.9,60.2,5.2,30,0.5
190404,50,-3.6,63.7,-3,36.1,-4.4
190405,62,-1.5,73.9,-2.1,50.1,-0.9
190406,69.8,-3.6,81.2,-4.7,58.5,-2.3
190407,75.2,-3.6,86.7,-5,63.7,-2.1
190408,74,-3.3,86.2,-4,61.8,-2.5
190409,69,0.4,82.7,0.8,55.3,0
190410,57.4,0.9,71.1,1.1,43.7,0.7
190411,44.1,2.2,60.5,6.1,27.8,-1.6
190412,29.8,-1.7,41.7,-0.9,17.9,-2.5
190501,20.5,-8.1,30.5,-9.6,10.4,-6.8
190502,20.2,-13.2,31.3,-14.5,9.2,-11.8
190503,48.5,6.3,60.1,5.1,36.9,7.4
190504,51.5,-2.1,64.4,-2.3,38.6,-1.9
190505,62,-1.5,74.2,-1.8,49.9,-1.1
190506,74.8,1.4,86.8,0.9,62.7,1.9
190507,74.2,-4.6,86.3,-5.4,62,-3.8
190508,77.9,0.6,91.4,1.2,64.4,0.1
190509,70.6,2,83.4,1.5,57.8,2.5
190510,52.2,-4.3,65.4,-4.6,39,-4
190511,43.9,2,57.6,3.2,30.2,0.8
190512,31,-0.5,43.6,1,18.4,-2
190601,33.4,4.8,45.5,5.4,21.3,4.1
190602,34.7,1.3,48.3,2.5,21.1,0.1
190603,31.6,-10.6,40.8,-14.2,22.3,-7.2
190604,56.8,3.2,70.2,3.5,43.3,2.8
190605,64.2,0.7,77.3,1.3,51.1,0.1
190606,71,-2.4,84.5,-1.4,57.5,-3.3
190607,73.1,-5.7,85.9,-5.8,60.3,-5.5
190608,75.4,-1.9,87.7,-2.5,63.2,-1.1
190609,68.6,0,81,-0.9,56.3,1
190610,52.7,-3.8,65.5,-4.5,39.9,-3.1
190611,39.3,-2.6,49.9,-4.5,28.8,-0.6
190612,35.6,4.1,46.2,3.6,24.9,4.5
190701,29.1,0.5,38.1,-2,20.2,3
190702,34.7,1.3,48.8,3,20.6,-0.4
190703,50.5,8.3,64.9,9.9,36.1,6.6
190704,47.5,-6.1,61.3,-5.4,33.7,-6.8
190705,57.4,-6.1,70.4,-5.6,44.5,-6.5
190706,71.3,-2.1,84.4,-1.5,58.1,-2.7
190707,78,-0.8,90.4,-1.3,65.6,-0.2
190708,77,-0.3,89.4,-0.8,64.6,0.3
190709,69,0.4,83.1,1.2,54.8,-0.5
190710,55.8,-0.7,69.3,-0.7,42.4,-0.6
190711,40.7,-1.2,54,-0.4,27.3,-2.1
190712,32.4,0.9,42.3,-0.3,22.4,2
190801,33.6,5,46,5.9,21.2,4
190802,35.2,1.8,47.2,1.4,23.2,2.2
190803,46.3,4.1,61,6,31.6,2.1
190804,54.5,0.9,68,1.3,40.9,0.4
190805,62.8,-0.7,75.7,-0.3,49.9,-1.1
190806,71.6,-1.8,83,-2.9,60.2,-0.6
190807,75.3,-3.5,87.1,-4.6,63.4,-2.4
190808,75.5,-1.8,87.8,-2.4,63.3,-1
190809,69.4,0.8,83.6,1.7,55.1,-0.2
190810,53.9,-2.6,66.6,-3.4,41.2,-1.8
190811,42.4,0.5,55.5,1.1,29.2,-0.2
190812,34,2.5,45.6,3,22.4,2
190901,28.4,-0.2,39.3,-0.8,17.6,0.4
190902,35.5,2.1,50.7,4.9,20.3,-0.7
190903,40.4,-1.8,53.1,-1.9,27.7,-1.8
190904,51.4,-2.2,65.6,-1.1,37.1,-3.4
190905,61.4,-2.1,75.4,-0.6,47.4,-3.6
190906,72.6,-0.8,84.4,-1.5,60.9,0.1
190907,78,-0.8,89.7,-2,66.3,0.5
190908,79.4,2.1,93,2.8,65.8,1.5
190909,68.8,0.2,83.2,1.3,54.5,-0.8
190910,55.4,-1.1,69.8,-0.2,41,-2
190911,46.5,4.6,58.1,3.7,34.9,5.5
190912,21,-10.5,30.1,-12.5,12,-8.4
191001,28.5,-0.1,37.9,-2.2,19.1,1.9
191002,29.2,-4.2,41.8,-4,16.6,-4.4
191003,54.4,12.2,71.7,16.7,37.1,7.6
191004,55.9,2.3,71.2,4.5,40.7,0.2
191005,59.4,-4.1,71.2,-4.8,47.6,-3.4
191006,72.1,-1.3,85.1,-0.8,59,-1.8
191007,79.2,0.4,93.4,1.7,65,-0.8
191008,75.1,-2.2,87.5,-2.7,62.6,-1.7
191009,69.5,0.9,82.5,0.6,56.6,1.3
191010,58.6,2.1,74.9,4.9,42.4,-0.6
191011,42.9,1,57.6,3.2,28.2,-1.2
191012,31.7,0.2,43.5,0.9,19.9,-0.5
191101,32.6,4,45.6,5.5,19.5,2.3
191102,34.1,0.7,46.1,0.3,22.2,1.2
191103,46.4,4.2,60.8,5.8,32,2.5
191104,53,-0.6,67.4,0.7,38.6,-1.9
191105,65.6,2.1,78.1,2.1,53.1,2.1
191106,79.3,5.9,94.9,9,63.7,2.9
191107,78.2,-0.6,91.3,-0.4,65,-0.8
191108,75.6,-1.7,89,-1.2,62.1,-2.2
191109,73.6,5,87.2,5.3,60.1,4.8
191110,53.5,-3,65.4,-4.6,41.6,-1.4
191111,37.2,-4.7,50.7,-3.7,23.7,-5.7
191112,28.8,-2.7,38.8,-3.8,18.8,-1.6
191201,17.5,-11.1,27.3,-12.8,7.7,-9.5
191202,30.1,-3.3,39.7,-6.1,20.5,-0.5
191203,30.3,-11.9,38.9,-16.1,21.6,-7.9
191204,53,-0.6,65.8,-0.9,40.2,-0.3
191205,65.8,2.3,79.3,3.3,52.4,1.4
191206,68.8,-4.6,81.6,-4.3,55.9,-4.9
191207,79.3,0.5,92.6,0.9,66.1,0.3
191208,76.3,-1,88.8,-1.4,63.8,-0.5
191209,65.1,-3.5,77.8,-4.1,52.3,-3
191210,56.4,-0.1,71,1,41.7,-1.3
191211,43.8,1.9,58.3,3.9,29.3,-0.1
191212,32.9,1.4,46.1,3.5,19.8,-0.6
191301,27.8,-0.8,40.3,0.2,15.3,-1.9
191302,24.9,-8.5,36.7,-9.1,13.1,-7.9
191303,38.5,-3.7,52.1,-2.9,24.9,-4.6
191304,55.5,1.9,70.5,3.8,40.5,0
191305,66.2,2.7,79.7,3.7,52.6,1.6
191306,73.7,0.3,86,0.1,61.3,0.5
191307,81.5,2.7,96.2,4.5,66.9,1.1
191308,83.2,5.9,99.8,9.6,66.6,2.3
191309,66.6,-2,79.2,-2.7,54.1,-1.2
191310,52.7,-3.8,65.4,-4.6,40,-3
191311,47.3,5.4,57.9,3.5,36.7,7.3
191312,32.3,0.8,39.4,-3.2,25.2,4.8
191401,36.1,7.5,46.7,6.6,25.4,8.2
191402,29,-4.4,42.2,-3.6,15.8,-5.2
191403,42.3,0.1,56.2,1.2,28.5,-1
191404,53.6,0,67.2,0.5,39.9,-0.6
191405,63.4,-0.1,74.7,-1.3,52,1
191406,77.7,4.3,90.2,4.3,65.2,4.4
191407,79.6,0.8,92.4,0.7,66.8,1
191408,77.2,-0.1,90.8,0.6,63.8,-0.5
191409,71.4,2.8,85.3,3.4,57.4,2.1
191410,57,0.5,69.6,-0.4,44.4,1.4
191411,46.6,4.7,62.2,7.8,30.9,1.5
191412,21.9,-9.6,31.1,-11.5,12.8,-7.6
191501,27.5,-1.1,38.4,-1.7,16.6,-0.6
191502,36.7,3.3,46,0.2,27.3,6.3
191503,31.2,-11,39.2,-15.8,23.3,-6.2
191504,57.6,4,69.8,3.1,45.4,4.9
191505,59.4,-4.1,71.1,-4.9,47.7,-3.3
191506,68.5,-4.9,79.2,-6.7,57.7,-3.1
191507,73.5,-5.3,84.6,-7.1,62.4,-3.4
191508,69.3,-8,80,-10.2,58.5,-5.8
191509,68,-0.6,79.3,-2.6,56.6,1.3
191510,57.2,0.7,72,2,42.4,-0.6
191511,46.3,4.4,60.8,6.4,31.8,2.4
191512,32.9,1.4,44.8,2.2,21.1,0.7
191601,23.5,-5.1,34,-6.1,13.1,-4.1
191602,31.3,-2.1,44.6,-1.2,18.1,-2.9
191603,46.5,4.3,62.8,7.8,30.2,0.7
191604,49.8,-3.8,61.8,-4.9,37.8,-2.7
191605,63.3,-0.2,76.9,0.9,49.7,-1.3
191606,69.9,-3.5,82,-3.9,57.8,-3
191607,80.6,1.8,95.3,3.6,65.9,0.1
191608,78.7,1.4,92.4,2.2,64.9,0.6
191609,67,-1.6,81.4,-0.5,52.5,-2.8
191610,55.9,-0.6,69.6,-0.4,42.2,-0.8
191611,41.7,-0.2,55.6,1.2,27.9,-1.5
191612,26.5,-5,39.9,-2.7,13.1,-7.3
191701,29.7,1.1,42.6,2.5,16.8,-0.4
191702,31,-2.4,46.2,0.4,15.8,-5.2
191703,41.6,-0.6,57,2,26.2,-3.3
191704,50.8,-2.8,63.9,-2.8,37.8,-2.7
191705,56.7,-6.8,68.9,-7.1,44.6,-6.4
191706,72.2,-1.2,87,1.1,57.4,-3.4
191707,80.4,1.6,95.3,3.6,65.4,-0.4
191708,72.9,-4.4,85.3,-4.9,60.4,-3.9
191709,68.2,-0.4,81.3,-0.6,55,-0.3
191710,49.5,-7,64.4,-5.6,34.6,-8.4
191711,46,4.1,59.9,5.5,32.1,2.7
191712,24.9,-6.6,37,-5.6,12.8,-7.6
191801,18,-10.6,30,-10.1,6.1,-11.1
191802,34.7,1.3,50.1,4.3,19.3,-1.7
191803,48.1,5.9,62.7,7.7,33.4,3.9
191804,47.8,-5.8,59.5,-7.2,36.1,-4.4
191805,66.6,3.1,79.6,3.6,53.5,2.5
191806,77.6,4.2,91.9,6,63.4,2.6
191807,77.8,-1,91.1,-0.6,64.4,-1.4
191808,81.1,3.8,95.5,5.3,66.8,2.5
191809,62.8,-5.8,77.1,-4.8,48.6,-6.7
191810,59,2.5,70.4,0.4,47.6,4.6
191811,40.9,-1,50.9,-3.5,31,1.6
191812,33.2,1.7,43.1,0.5,23.3,2.9
191901,28.6,0,39.5,-0.6,17.6,0.4
191902,31,-2.4,40.6,-5.2,21.4,0.4
191903,42.6,0.4,53.8,-1.2,31.4,1.9
191904,52,-1.6,63,-3.7,40.9,0.4
191905,61,-2.5,72.4,-3.6,49.7,-1.3
191906,71.5,-1.9,83.1,-2.8,60,-0.8
191907,79.4,0.6,92.6,0.9,66.3,0.5
191908,77.6,0.3,91.8,1.6,63.4,-0.9
191909,71.5,2.9,85.1,3.2,58,2.7
191910,52.9,-3.6,64.7,-5.3,41.2,-1.8
191911,37.9,-4,50.3,-4.1,25.5,-3.9
191912,26,-5.5,36.5,-6.1,15.4,-5
192001,29.9,1.3,40.5,0.4,19.4,2.2
192002,34.5,1.1,46.6,0.8,22.3,1.3
192003,43.7,1.5,58.8,3.8,28.7,-0.8
192004,47.7,-5.9,60.7,-6,34.6,-5.9
192005,62.4,-1.1,73.4,-2.6,51.4,0.4
192006,72.3,-1.1,84.6,-1.3,60.1,-0.7
192007,77.2,-1.6,90.8,-0.9,63.6,-2.2
192008,71.8,-5.5,84.4,-5.8,59.2,-5.1
192009,68.6,0,82.1,0.2,55.1,-0.2
192010,59.1,2.6,72.4,2.4,45.9,2.9
192011,38.3,-3.6,48.7,-5.7,27.9,-1.5
192012,32.4,0.9,43,0.4,21.9,1.5
192101,34.9,6.3,45.1,5,24.7,7.5
192102,38.6,5.2,52.1,6.3,25,4
192103,48.7,6.5,62.8,7.8,34.7,5.2
192104,53.6,0,67,0.3,40,-0.5
192105,64.9,1.4,77.6,1.6,52.2,1.2
192106,73.7,0.3,84.7,-1.2,62.7,1.9
192107,78.7,-0.1,91.2,-0.5,66.3,0.5
192108,78,0.7,91.1,0.9,64.8,0.5
192109,72.8,4.2,86.3,4.4,59.3,4
192110,58.7,2.2,75,5,42.4,-0.6
192111,42.1,0.2,57,2.6,27.1,-2.3
192112,32.7,1.2,44.6,2,20.8,0.4
192201,26.6,-2,38.5,-1.6,14.7,-2.5
192202,32.6,-0.8,46.9,1.1,18.2,-2.8
192203,41.5,-0.7,53.4,-1.6,29.6,0.1
192204,53.4,-0.2,64.7,-2,42,1.5
192205,63.6,0.1,75.4,-0.6,51.8,0.8
192206,74.6,1.2,87.7,1.8,61.5,0.7
192207,76.7,-2.1,89.3,-2.4,64.1,-1.7
192208,79.4,2.1,93.3,3.1,65.5,1.2
192209,72.4,3.8,87.1,5.2,57.6,2.3
192210,58,1.5,73.8,3.8,42.1,-0.9
192211,44.1,2.2,56.3,1.9,31.9,2.5
192212,32.7,1.2,46,3.4,19.4,-1
192301,36.7,8.1,50.5,10.4,22.9,5.7
192302,30.2,-3.2,43.8,-2,16.7,-4.3
192303,39.4,-2.8,54,-1,24.8,-4.7
192304,53.2,-0.4,66.2,-0.5,40.1,-0.4
192305,60.7,-2.8,72.1,-3.9,49.2,-1.8
192306,72.6,-0.8,82.7,-3.2,62.4,1.6
192307,78.4,-0.4,90.6,-1.1,66.2,0.4
192308,77.3,0,90.9,0.7,63.8,-0.5
192309,68.7,0.1,81.5,-0.4,55.8,0.5
192310,50.8,-5.7,60.1,-9.9,41.6,-1.4
192311,43.3,1.4,55.9,1.5,30.7,1.3
192312,34.1,2.6,44.6,2,23.6,3.2
192401,24.6,-4,37.2,-2.9,11.9,-5.3
192402,34.6,1.2,46.9,1.1,22.3,1.3
192403,33.9,-8.3,43.3,-11.7,24.5,-5
192404,53.9,0.3,67.9,1.2,39.9,-0.6
192405,57.5,-6,71.2,-4.8,43.8,-7.2
192406,73.8,0.4,86.9,1,60.8,0
192407,75.3,-3.5,88.6,-3.1,61.9,-3.9
192408,78.3,1,90.9,0.7,65.8,1.5
192409,64.8,-3.8,78.7,-3.2,50.8,-4.5
192410,59.4,2.9,73.5,3.5,45.3,2.3
192411,44.2,2.3,59.1,4.7,29.2,-0.2
192412,22.8,-8.7,33.8,-8.8,11.9,-8.5
192501,24,-4.6,35.6,-4.5,12.3,-4.9
192502,39,5.6,52.7,6.9,25.2,4.2
192503,47.2,5,62.2,7.2,32.3,2.8
192504,58.7,5.1,71.4,4.7,46,5.5
192505,62.4,-1.1,75.6,-0.4,49.1,-1.9
192506,77.3,3.9,90.8,4.9,63.9,3.1
192507,79.5,0.7,92.7,1,66.3,0.5
192508,76.3,-1,89.7,-0.5,62.9,-1.4
192509,71.7,3.1,83.5,1.6,60,4.7
192510,46.8,-9.7,57.2,-12.8,36.3,-6.7
192511,40.9,-1,54.2,-0.2,27.5,-1.9
192512,31.5,0,43.2,0.6,19.7,-0.7
192601,31.1,2.5,41.4,1.3,20.8,3.6
192602,39.9,6.5,53.2,7.4,26.5,5.5
192603,39.9,-2.3,52.1,-2.9,27.6,-1.9
192604,48.6,-5,61.4,-5.3,35.8,-4.7
192605,65.6,2.1,78.6,2.6,52.6,1.6
192606,72.4,-1,86.1,0.2,58.7,-2.1
192607,78.5,-0.3,92,0.3,65,-0.8
192608,78.6,1.3,92.7,2.5,64.4,0.1
192609,68.4,-0.2,79.4,-2.5,57.4,2.1
192610,57.5,1,70,0,44.9,1.9
192611,38.8,-3.1,50.6,-3.8,27,-2.4
192612,30,-1.5,39.9,-2.7,20.2,-0.2
192701,30.4,1.8,41.8,1.7,19,1.8
192702,37.2,3.8,49.9,4.1,24.5,3.5
192703,41.5,-0.7,52.8,-2.2,30.2,0.7
192704,55.9,2.3,67.5,0.8,44.3,3.8
192705,64.9,1.4,77.8,1.8,52,1
192706,70.8,-2.6,82.1,-3.8,59.4,-1.4
192707,76.7,-2.1,89.6,-2.1,63.9,-1.9
192708,71,-6.3,81.5,-8.7,60.5,-3.8
192709,69.1,0.5,81.5,-0.4,56.7,1.4
192710,59.4,2.9,75,5,43.8,0.8
192711,43.3,1.4,56.3,1.9,30.4,1
192712,25.9,-5.6,39.2,-3.4,12.7,-7.7
192801,33,4.4,46,5.9,19.9,2.7
192802,35.4,2,47.2,1.4,23.6,2.6
192803,45.2,3,58.5,3.5,31.8,2.3
192804,50.5,-3.1,63.8,-2.9,37.1,-3.4
192805,64.2,0.7,77.8,1.8,50.5,-0.5
192806,66.7,-6.7,77.2,-8.7,56.3,-4.5
192807,77,-1.8,88.5,-3.2,65.4,-0.4
192808,76,-1.3,88.7,-1.5,63.4,-0.9
192809,66.8,-1.8,82.4,0.5,51.3,-4
192810,57.4,0.9,70.5,0.5,44.4,1.4
192811,41.5,-0.4,52.6,-1.8,30.5,1.1
192812,33.9,2.4,44.2,1.6,23.7,3.3
192901,23.1,-5.5,33.5,-6.6,12.8,-4.4
192902,23.7,-9.7,34.5,-11.3,12.8,-8.2
192903,45.3,3.1,58.2,3.2,32.4,2.9
192904,55.4,1.8,68.1,1.4,42.6,2.1
192905,60.7,-2.8,71.4,-4.6,50,-1
192906,71.9,-1.5,83.9,-2,59.8,-1
192907,78.5,-0.3,90.7,-1,66.3,0.5
192908,78.2,0.9,91.6,1.4,64.7,0.4
192909,66.2,-2.4,78.8,-3.1,53.6,-1.7
192910,56,-0.5,67.8,-2.2,44.2,1.2
192911,34.1,-7.8,43.7,-10.7,24.4,-5
192912,33,1.5,45.5,2.9,20.5,0.1
193001,16.2,-12.4,26.9,-13.2,5.5,-11.7
193002,45.1,11.7,59.4,13.6,30.7,9.7
193003,40.7,-1.5,55.6,0.6,25.7,-3.8
193004,57.9,4.3,72.2,5.5,43.6,3.1
193005,61.9,-1.6,74,-2,49.9,-1.1
193006,72.4,-1,84.8,-1.1,59.9,-0.9
193007,81,2.2,95.1,3.4,66.8,1
193008,78.8,1.5,92.3,2.1,65.3,1
193009,70,1.4,83.4,1.5,56.7,1.4
193010,53.7,-2.8,64.2,-5.8,43.2,0.2
193011,43.4,1.5,56.2,1.8,30.5,1.1
193012,31.8,0.3,41.2,-1.4,22.2,1.8
193101,34.6,6,47.4,7.3,21.6,4.4
193102,40.3,6.9,52.8,7,27.8,6.8
193103,37.6,-4.6,49,-6,26.1,-3.4
193104,51.9,-1.7,64.4,-2.3,39.4,-1.1
193105,59.9,-3.6,72.5,-3.5,47.3,-3.7
193106,77.2,3.8,90.3,4.4,64.1,3.3
193107,80,1.2,93.8,2.1,66.1,0.3
193108,75.2,-2.1,88.1,-2.1,62.3,-2
193109,76.7,8.1,90.6,8.7,62.8,7.5
193110,60.5,4,73.5,3.5,47.4,4.4
193111,44.5,2.6,55.5,1.1,33.5,4.1
193112,36.9,5.4,46.6,4,27.2,6.8
193201,26.7,-1.9,35.5,-4.6,18,0.8
193202,39.2,5.8,51.6,5.8,26.8,5.8
193203,35.5,-6.7,47.8,-7.2,23.2,-6.3
193204,56.4,2.8,69.6,2.9,43.3,2.8
193205,65,1.5,78.5,2.5,51.5,0.5
193206,73,-0.4,84.7,-1.2,61.2,0.4
193207,81.2,2.4,94.2,2.5,68.2,2.4
193208,78.5,1.2,91.3,1.1,65.7,1.4
193209,67.6,-1,81.2,-0.7,53.9,-1.4
193210,53.9,-2.6,68.3,-1.7,39.6,-3.4
193211,39.4,-2.5,53.5,-0.9,25.3,-4.1
193212,26.2,-5.3,37.3,-5.3,15.1,-5.3
193301,37.3,8.7,51.5,11.4,23.1,5.9
193302,30,-3.4,45.3,-0.5,14.7,-6.3
193303,44.8,2.6,57.9,2.9,31.6,2.1
193304,53.4,-0.2,67.4,0.7,39.4,-1.1
193305,63.8,0.3,76.5,0.5,51,0
193306,80.3,6.9,95.5,9.6,65,4.2
193307,81,2.2,94.8,3.1,67.3,1.5
193308,75.9,-1.4,87.7,-2.5,64.2,-0.1
193309,73.4,4.8,86.2,4.3,60.5,5.2
193310,56.5,0,70.6,0.6,42.4,-0.6
193311,45.6,3.7,59.1,4.7,32.1,2.7
193312,37.9,6.4,50.7,8.1,25,4.6
193401,34.7,6.1,46.8,6.7,22.5,5.3
193402,34.9,1.5,48.1,2.3,21.7,0.7
193403,42.7,0.5,57.5,2.5,27.8,-1.7
193404,55.9,2.3,70,3.3,41.7,1.2
193405,69,5.5,83.4,7.4,54.5,3.5
193406,79.9,6.5,94.1,8.2,65.6,4.8
193407,86.8,8,102.2,10.5,71.3,5.5
193408,82.8,5.5,97,6.8,68.6,4.3
193409,65.1,-3.5,78.9,-3,51.3,-4
193410,61,4.5,74.9,4.9,47,4
193411,45.8,3.9,57.5,3.1,34,4.6
193412,31.5,0,41.8,-0.8,21.3,0.9
193501,33.4,4.8,45.9,5.8,20.8,3.6
193502,37.6,4.2,49.8,4,25.5,4.5
193503,49.4,7.2,62.3,7.3,36.5,7
193504,51.1,-2.5,63.2,-3.5,39,-1.5
193505,58.4,-5.1,67.8,-8.2,48.9,-2.1
193506,70.5,-2.9,81.8,-4.1,59.2,-1.6
193507,83.6,4.8,97.3,5.6,69.9,4.1
193508,79.6,2.3,93.1,2.9,66.2,1.9
193509,68.2,-0.4,81.6,-0.3,54.7,-0.6
193510,54.7,-1.8,66.4,-3.6,43,0
193511,38.5,-3.4,48.1,-6.3,28.8,-0.6
193512,32.1,0.6,41.9,-0.7,22.3,1.9
193601,24.8,-3.8,34.7,-5.4,14.9,-2.3
193602,21.2,-12.2,34.4,-11.4,8,-13
193603,46.9,4.7,62.6,7.6,31.2,1.7
193604,53.3,-0.3,68.6,1.9,37.9,-2.6
193605,67,3.5,78.4,2.4,55.7,4.7
193606,76.8,3.4,91.4,5.5,62.2,1.4
193607,85,6.2,100.5,8.8,69.6,3.8
193608,84.3,7,99.8,9.6,68.9,4.6
193609,71.5,2.9,83.1,1.2,59.9,4.6
193610,53.8,-2.7,66.1,-3.9,41.5,-1.5
193611,41.4,-0.5,56.2,1.8,26.6,-2.8
193612,35.9,4.4,46,3.4,25.8,5.4
193701,19.4,-9.2,29.4,-10.7,9.4,-7.8
193702,31.5,-1.9,42.8,-3,20.2,-0.8
193703,38.5,-3.7,49.2,-5.8,27.7,-1.8
193704,53.2,-0.4,66.6,-0.1,39.8,-0.7
193705,66.1,2.6,78.8,2.8,53.4,2.4
193706,73.8,0.4,85.9,0,61.7,0.9
193707,81.2,2.4,95,3.3,67.3,1.5
193708,82.7,5.4,96.2,6,69.2,4.9
193709,70.5,1.9,83.9,2,57,1.7
193710,55.9,-0.6,69.4,-0.6,42.5,-0.5
193711,39.4,-2.5,51.2,-3.2,27.6,-1.8
193712,30.1,-1.4,39.8,-2.8,20.3,-0.1
193801,32.9,4.3,45.2,5.1,20.6,3.4
193802,36.2,2.8,47.9,2.1,24.5,3.5
193803,49.4,7.2,61.9,6.9,36.8,7.3
193804,53.7,0.1,65.9,-0.8,41.5,1
193805,62.8,-0.7,74,-2,51.6,0.6
193806,73.4,0,85.3,-0.6,61.4,0.6
193807,80.4,1.6,94,2.3,66.7,0.9
193808,82.1,4.8,95.7,5.5,68.4,4.1
193809,71.4,2.8,85.8,3.9,57,1.7
193810,63.4,6.9,79.5,9.5,47.3,4.3
193811,41,-0.9,55.1,0.7,26.8,-2.6
193812,34.4,2.9,47.1,4.5,21.7,1.3
193901,36.4,7.8,47.9,7.8,24.8,7.6
193902,29,-4.4,42.6,-3.2,15.3,-5.7
193903,44,1.8,56.8,1.8,31.2,1.7
193904,53.4,-0.2,66.6,-0.1,40.1,-0.4
193905,67.9,4.4,81.9,5.9,53.9,2.9
193906,74.9,1.5,87.8,1.9,62,1.2
193907,83,4.2,97.7,6,68.3,2.5
193908,77.4,0.1,91.2,1,63.7,-0.6
193909,74.7,6.1,90.3,8.4,59,3.7
193910,59.8,3.3,75.4,5.4,44.1,1.1
193911,42.7,0.8,56.3,1.9,29,-0.4
193912,37.3,5.8,50.1,7.5,24.4,4
194001,13.5,-15.1,22.7,-17.4,4.2,-13
194002,32.5,-0.9,41.6,-4.2,23.3,2.3
194003,43.2,1,56.2,1.2,30.3,0.8
194004,53.2,-0.4,66.3,-0.4,40.1,-0.4
194005,63.3,-0.2,77.1,1.1,49.4,-1.6
194006,73.8,0.4,87.4,1.5,60.2,-0.6
194007,81.3,2.5,95.4,3.7,67.2,1.4
194008,75.5,-1.8,87.6,-2.6,63.4,-0.9
194009,69.7,1.1,82,0.1,57.3,2
194010,62.2,5.7,77.3,7.3,47,4
194011,38.7,-3.2,50,-4.4,27.4,-2
194012,34.7,3.2,44.4,1.8,24.9,4.5
194101,31.5,2.9,40.1,0,23,5.8
194102,32.9,-0.5,42.9,-2.9,22.8,1.8
194103,38.9,-3.3,49.8,-5.2,28,-1.5
194104,55,1.4,65.9,-0.8,44,3.5
194105,67.2,3.7,79,3,55.4,4.4
194106,71.5,-1.9,82.8,-3.1,60.2,-0.6
194107,78.6,-0.2,91.6,-0.1,65.6,-0.2
194108,77.8,0.5,90.5,0.3,65,0.7
194109,70.2,1.6,82.4,0.5,58.1,2.8
194110,57.1,0.6,66.6,-3.4,47.4,4.4
194111,43.5,1.6,56.3,1.9,30.6,1.2
194112,36,4.5,46.1,3.5,25.9,5.5
194201,28.5,-0.1,40.2,0.1,16.8,-0.4
194202,31,-2.4,41.3,-4.5,20.6,-0.4
194203,42.9,0.7,55.9,0.9,30,0.5
194204,56.7,3.1,68.7,2,44.7,4.2
194205,62.6,-0.9,75.6,-0.4,49.5,-1.5
194206,72.3,-1.1,83.3,-2.6,61.2,0.4
194207,79.6,0.8,93.2,1.5,65.9,0.1
194208,75.9,-1.4,87.6,-2.6,64.2,-0.1
194209,65.9,-2.7,78.5,-3.4,53.4,-1.9
194210,56.5,0,69,-1,44,1
194211,43.9,2,56.5,2.1,31.2,1.8
194212,30.8,-0.7,39.8,-2.8,21.8,1.4
194301,29.2,0.6,41.7,1.6,16.7,-0.5
194302,39.3,5.9,54.4,8.6,24.2,3.2
194303,38.1,-4.1,52,-3,24.2,-5.3
194304,57.2,3.6,71.8,5.1,42.7,2.2
194305,60.3,-3.2,72.1,-3.9,48.6,-2.4
194306,75,1.6,87,1.1,62.8,2
194307,80.2,1.4,93.7,2,66.8,1
194308,82.2,4.9,96.2,6,68.2,3.9
194309,66.8,-1.8,81.4,-0.5,52.2,-3.1
194310,54.6,-1.9,69.3,-0.7,39.8,-3.2
194311,41,-0.9,55.2,0.8,26.8,-2.6
194312,29,-2.5,39.5,-3.1,18.6,-1.8
194401,32.5,3.9,43.5,3.4,21.4,4.2
194402,35.1,1.7,46.3,0.5,23.9,2.9
194403,37.6,-4.6,48.8,-6.2,26.5,-3
194404,48.3,-5.3,58.8,-7.9,37.8,-2.7
194405,65.7,2.2,77.5,1.5,53.8,2.8
194406,75,1.6,86.8,0.9,63.2,2.4
194407,77.1,-1.7,89.6,-2.1,64.5,-1.3
194408,77.3,0,89.4,-0.8,65.2,0.9
194409,68.3,-0.3,81.7,-0.2,55,-0.3
194410,57.6,1.1,71.3,1.3,43.8,0.8
194411,44.2,2.3,54.6,0.2,33.7,4.3
194412,29.1,-2.4,38,-4.6,20.2,-0.2
194501,31,2.4,41.1,1,20.9,3.7
194502,34,0.6,43.6,-2.2,24.3,3.3
194503,48.7,6.5,63.2,8.2,34.1,4.6
194504,50.8,-2.8,62.6,-4.1,39.1,-1.4
194505,61.1,-2.4,74.4,-1.6,47.8,-3.2
194506,67.6,-5.8,79,-6.9,56.3,-4.5
194507,76.9,-1.9,89.4,-2.3,64.5,-1.3
194508,77.8,0.5,91,0.8,64.6,0.3
194509,68.4,-0.2,82.3,0.4,54.5,-0.8
194510,56.2,-0.3,70.1,0.1,42.3,-0.7
194511,44.2,2.3,59,4.6,29.3,-0.1
194512,25.9,-5.6,37,-5.6,14.8,-5.6
194601,32.7,4.1,44.6,4.5,20.8,3.6
194602,40.6,7.2,56,10.2,25.2,4.2
194603,50.7,8.5,63.3,8.3,38.2,8.7
194604,59.3,5.7,73.2,6.5,45.4,4.9
194605,60.1,-3.4,73.2,-2.8,47,-4
194606,75.5,2.1,89.2,3.3,61.9,1.1
194607,81,2.2,95.5,3.8,66.4,0.6
194608,77,-0.3,89.6,-0.6,64.5,0.2
194609,68.1,-0.5,80.6,-1.3,55.5,0.2
194610,57.1,0.6,68.6,-1.4,45.6,2.6
194611,41.2,-0.7,51.6,-2.8,30.8,1.4
194612,36.9,5.4,49,6.4,24.8,4.4
194701,31.1,2.5,43.5,3.4,18.8,1.6
194702,30.2,-3.2,43.3,-2.5,17,-4
194703,37.6,-4.6,48.8,-6.2,26.4,-3.1
194704,51.2,-2.4,63,-3.7,39.4,-1.1
194705,60.4,-3.1,72.4,-3.6,48.3,-2.7
194706,71.3,-2.1,83.4,-2.5,59.1,-1.7
194707,77.2,-1.6,90.5,-1.2,64,-1.8
194708,82.4,5.1,96,5.8,68.9,4.6
194709,73.3,4.7,88.5,6.6,58,2.7
194710,64.6,8.1,78.6,8.6,50.7,7.7
194711,37.9,-4,47.7,-6.7,28,-1.4
194712,32.5,1,42.6,0,22.3,1.9
194801,26.4,-2.2,37.4,-2.7,15.3,-1.9
194802,29.6,-3.8,39.8,-6,19.4,-1.6
194803,35.4,-6.8,46.7,-8.3,24,-5.5
194804,60,6.4,74.4,7.7,45.6,5.1
194805,64.2,0.7,77.8,1.8,50.7,-0.3
194806,73.3,-0.1,86,0.1,60.6,-0.2
194807,77.5,-1.3,89.4,-2.3,65.5,-0.3
194808,76.6,-0.7,88.8,-1.4,64.4,0.1
194809,71.2,2.6,86,4.1,56.4,1.1
194810,55.9,-0.6,72.5,2.5,39.3,-3.7
194811,40.7,-1.2,52,-2.4,29.5,0.1
194812,32.9,1.4,43.8,1.2,22,1.6
194901,21.3,-7.3,31,-9.1,11.7,-5.5
194902,30.9,-2.5,41.2,-4.6,20.6,-0.4
194903,41.4,-0.8,52.3,-2.7,30.5,1
194904,53.3,-0.3,65.8,-0.9,40.8,0.3
194905,65.2,1.7,76,0,54.4,3.4
194906,74.2,0.8,85.4,-0.5,63,2.2
194907,79,0.2,90.9,-0.8,67.1,1.3
194908,75.2,-2.1,88.2,-2,62.1,-2.2
194909,64.6,-4,78,-3.9,51.2,-4.1
194910,57,0.5,70.3,0.3,43.8,0.8
194911,47.6,5.7,63.6,9.2,31.6,2.2
194912,33,1.5,45.7,3.1,20.3,-0.1
195001,29,0.4,43.1,3,15,-2.2
195002,37.2,3.8,52,6.2,22.4,1.4
195003,40,-2.2,54.1,-0.9,26,-3.5
195004,50.9,-2.7,65,-1.7,36.9,-3.6
195005,63.3,-0.2,76.8,0.8,49.8,-1.2
195006,74.5,1.1,87.7,1.8,61.2,0.4
195007,72.9,-5.9,83.7,-8,62.1,-3.7
195008,71.4,-5.9,82.4,-7.8,60.4,-3.9
195009,65.9,-2.7,77.6,-4.3,54.1,-1.2
195010,61.3,4.8,76.4,6.4,46.2,3.2
195011,39.6,-2.3,53.8,-0.6,25.3,-4.1
195012,32.4,0.9,46.7,4.1,18.1,-2.3
195101,28.7,0.1,41,0.9,16.4,-0.8
195102,35.6,2.2,48.8,3,22.3,1.3
195103,38.1,-4.1,51.6,-3.4,24.6,-4.9
195104,50,-3.6,62.1,-4.6,37.9,-2.6
195105,63.6,0.1,75.6,-0.4,51.5,0.5
195106,68.3,-5.1,79.3,-6.6,57.3,-3.5
195107,76.4,-2.4,87.3,-4.4,65.5,-0.3
195108,77.3,0,89.4,-0.8,65.1,0.8
195109,64.5,-4.1,76.8,-5.1,52.1,-3.2
195110,54.7,-1.8,67,-3,42.4,-0.6
195111,37.4,-4.5,49.6,-4.8,25.2,-4.2
195112,29.8,-1.7,42,-0.6,17.6,-2.8
195201,33.2,4.6,46.2,6.1,20.2,3
195202,38.2,4.8,50.7,4.9,25.7,4.7
195203,37.3,-4.9,48.2,-6.8,26.4,-3.1
195204,51.2,-2.4,63.7,-3,38.8,-1.7
195205,63.5,0,76.7,0.7,50.4,-0.6
195206,81.2,7.8,95,9.1,67.5,6.7
195207,80,1.2,94.3,2.6,65.7,-0.1
195208,78.8,1.5,91.8,1.6,65.8,1.5
195209,70.1,1.5,86.5,4.6,53.7,-1.6
195210,54,-2.5,71.5,1.5,36.4,-6.6
195211,40,-1.9,52.8,-1.6,27.1,-2.3
195212,30,-1.5,40.1,-2.5,20,-0.4
195301,35.3,6.7,47.6,7.5,23,5.8
195302,38.4,5,52.8,7,24,3
195303,46.2,4,58.9,3.9,33.6,4.1
195304,50.1,-3.5,63.4,-3.3,36.8,-3.7
195305,62.7,-0.8,75.5,-0.5,50,-1
195306,80.7,7.3,95,9.1,66.4,5.6
195307,78.3,-0.5,91,-0.7,65.7,-0.1
195308,76.6,-0.7,89.8,-0.4,63.4,-0.9
195309,71.4,2.8,88.1,6.2,54.8,-0.5
195310,59.8,3.3,74,4,45.5,2.5
195311,43.4,1.5,54.8,0.4,32,2.6
195312,32.8,1.3,43.2,0.6,22.4,2
195401,28.4,-0.2,40.8,0.7,16.1,-1.1
195402,44.9,11.5,60,14.2,29.8,8.8
195403,40,-2.2,53.1,-1.9,26.9,-2.6
195404,59,5.4,73.6,6.9,44.4,3.9
195405,59.3,-4.2,70.6,-5.4,47.9,-3.1
195406,76.6,3.2,90.2,4.3,63,2.2
195407,85.1,6.3,99.8,8.1,70.5,4.7
195408,80.9,3.6,94.2,4,67.6,3.3
195409,74.5,5.9,89.3,7.4,59.6,4.3
195410,57.2,0.7,69.3,-0.7,45.1,2.1
195411,46.2,4.3,60.7,6.3,31.8,2.4
195412,34.8,3.3,47.7,5.1,21.9,1.5
195501,30.5,1.9,41.2,1.1,19.8,2.6
195502,29,-4.4,41.2,-4.6,16.9,-4.1
195503,41.4,-0.8,56.4,1.4,26.3,-3.2
195504,59,5.4,73.1,6.4,45,4.5
195505,66,2.5,78.6,2.6,53.4,2.4
195506,70,-3.4,81.5,-4.4,58.6,-2.2
195507,82.6,3.8,95.8,4.1,69.4,3.6
195508,79.4,2.1,93.3,3.1,65.5,1.2
195509,71.1,2.5,84.5,2.6,57.6,2.3
195510,57.7,1.2,72.7,2.7,42.7,-0.3
195511,38.3,-3.6,52.6,-1.8,24.1,-5.3
195512,30,-1.5,41.7,-0.9,18.3,-2.1
195601,28,-0.6,39.6,-0.5,16.4,-0.8
195602,31.3,-2.1,42.6,-3.2,20,-1
195603,43.6,1.4,59,4,28.1,-1.4
195604,51.2,-2.4,66,-0.7,36.3,-4.2
195605,68.3,4.8,81.9,5.9,54.8,3.8
195606,78,4.6,92,6.1,63.9,3.1
195607,79.5,0.7,93.1,1.4,65.9,0.1
195608,80,2.7,94.6,4.4,65.3,1
195609,72.2,3.6,89.2,7.3,55.2,-0.1
195610,62.2,5.7,76.9,6.9,47.6,4.6
195611,41.4,-0.5,54.2,-0.2,28.5,-0.9
195612,35.5,4,48.1,5.5,22.8,2.4
195701,23.7,-4.9,34.4,-5.7,13.1,-4.1
195702,37.8,4.4,49.9,4.1,25.7,4.7
195703,41.3,-0.9,52,-3,30.5,1
195704,50.9,-2.7,60.9,-5.8,40.9,0.4
195705,61.4,-2.1,71.8,-4.2,50.9,-0.1
195706,71.4,-2,83.3,-2.6,59.5,-1.3
195707,81.2,2.4,93.8,2.1,68.7,2.9
195708,78.8,1.5,92.1,1.9,65.4,1.1
195709,64.9,-3.7,78.3,-3.6,51.6,-3.7
195710,54.1,-2.4,64.1,-5.9,44.1,1.1
195711,39.7,-2.2,49.3,-5.1,30,0.6
195712,38.5,7,51.6,9,25.3,4.9
195801,32,3.4,43.5,3.4,20.5,3.3
195802,29.2,-4.2,39.3,-6.5,19,-2
195803,31.9,-10.3,39.2,-15.8,24.6,-4.9
195804,50.9,-2.7,62.2,-4.5,39.6,-0.9
195805,65.8,2.3,78,2,53.6,2.6
195806,73,-0.4,85.7,-0.2,60.3,-0.5
195807,75.6,-3.2,86.8,-4.9,64.5,-1.3
195808,76.6,-0.7,89.4,-0.8,63.8,-0.5
195809,69.7,1.1,81.9,0,57.5,2.2
195810,57.4,0.9,72,2,42.8,-0.2
195811,44.5,2.6,58.1,3.7,30.9,1.5
195812,31.1,-0.4,42.6,0,19.7,-0.7
195901,25.1,-3.5,36.6,-3.5,13.6,-3.6
195902,31.8,-1.6,42.9,-2.9,20.7,-0.3
195903,43.2,1,56.7,1.7,29.8,0.3
195904,52.6,-1,66.2,-0.5,39.1,-1.4
195905,65.4,1.9,76.9,0.9,53.8,2.8
195906,75.2,1.8,88.3,2.4,62.2,1.4
195907,75.3,-3.5,88,-3.7,62.7,-3.1
195908,79.9,2.6,92.6,2.4,67.2,2.9
195909,67.5,-1.1,80.6,-1.3,54.3,-1
195910,52.4,-4.1,64.4,-5.6,40.4,-2.6
195911,37.6,-4.3,51.8,-2.6,23.4,-6
195912,36.9,5.4,48,5.4,25.8,5.4
196001,27.2,-1.4,36.8,-3.3,17.6,0.4
196002,25.5,-7.9,34.6,-11.2,16.4,-4.6
196003,31.4,-10.8,41.5,-13.5,21.3,-8.2
196004,56.5,2.9,69.4,2.7,43.7,3.2
196005,62.5,-1,75.9,-0.1,49,-2
196006,72.5,-0.9,84.4,-1.5,60.6,-0.2
196007,76.2,-2.6,88.8,-2.9,63.6,-2.2
196008,77.5,0.2,90.5,0.3,64.4,0.1
196009,70.2,1.6,84,2.1,56.3,1
196010,58.2,1.7,71.2,1.2,45.2,2.2
196011,43.4,1.5,57.4,3,29.4,0
196012,30.9,-0.6,41,-1.6,20.8,0.4
196101,30,1.4,44.4,4.3,15.7,-1.5
196102,36.3,2.9,48.8,3,23.8,2.8
196103,43.2,1,54.6,-0.4,31.8,2.3
196104,50.1,-3.5,63.4,-3.3,36.7,-3.8
196105,61,-2.5,72.8,-3.2,49.1,-1.9
196106,72.2,-1.2,84.5,-1.4,59.8,-1
196107,77.5,-1.3,90.3,-1.4,64.6,-1.2
196108,75.2,-2.1,87,-3.2,63.4,-0.9
196109,64,-4.6,76.3,-5.6,51.8,-3.5
196110,56.5,0,70.7,0.7,42.2,-0.8
196111,39.1,-2.8,49,-5.4,29.2,-0.2
196112,26.8,-4.7,36.7,-5.9,16.8,-3.6
196201,24,-4.6,35.3,-4.8,12.7,-4.5
196202,35.5,2.1,47.7,1.9,23.3,2.3
196203,39.3,-2.9,52.3,-2.7,26.3,-3.2
196204,53.2,-0.4,67,0.3,39.4,-1.1
196205,71.1,7.6,85.1,9.1,57.1,6.1
196206,71.7,-1.7,83,-2.9,60.5,-0.3
196207,77.1,-1.7,89,-2.7,65.2,-0.6
196208,77.7,0.4,91.8,1.6,63.6,-0.7
196209,65.9,-2.7,77,-4.9,54.8,-0.5
196210,59.2,2.7,72.1,2.1,46.2,3.2
196211,43.3,1.4,55.1,0.7,31.6,2.2
196212,33.8,2.3,45.2,2.6,22.4,2
196301,20.1,-8.5,32.4,-7.7,7.8,-9.4
196302,36,2.6,50.5,4.7,21.5,0.5
196303,46.7,4.5,60.4,5.4,33,3.5
196304,57.6,4,71.9,5.2,43.3,2.8
196305,66.3,2.8,78.8,2.8,53.8,2.8
196306,76.6,3.2,89.4,3.5,63.8,3
196307,81.2,2.4,94.2,2.5,68.2,2.4
196308,78.8,1.5,91.9,1.7,65.8,1.5
196309,71.2,2.6,83.3,1.4,59,3.7
196310,65.5,9,80.3,10.3,50.7,7.7
196311,45.2,3.3,59.5,5.1,31,1.6
196312,24.8,-6.7,36,-6.6,13.6,-6.8
196401,33.9,5.3,48.5,8.4,19.4,2.2
196402,32.4,-1,44.2,-1.6,20.7,-0.3
196403,39.6,-2.6,54,-1,25.2,-4.3
196404,55.4,1.8,68.8,2.1,42,1.5
196405,67.6,4.1,80.9,4.9,54.2,3.2
196406,73,-0.4,86,0.1,60,-0.8
196407,82.3,3.5,96.2,4.5,68.4,2.6
196408,75.5,-1.8,88.4,-1.8,62.6,-1.7
196409,68.3,-0.3,80.4,-1.5,56.3,1
196410,56,-0.5,71.4,1.4,40.6,-2.4
196411,44.2,2.3,55.3,0.9,33,3.6
196412,30.2,-1.3,41.9,-0.7,18.4,-2
196501,32.5,3.9,45.4,5.3,19.6,2.4
196502,31,-2.4,44.3,-1.5,17.7,-3.3
196503,32.6,-9.6,44.6,-10.4,20.7,-8.8
196504,57.2,3.6,70.9,4.2,43.6,3.1
196505,66.8,3.3,79.5,3.5,54.2,3.2
196506,72.2,-1.2,83.3,-2.6,61,0.2
196507,78.5,-0.3,90.8,-0.9,66.2,0.4
196508,75.6,-1.7,88.8,-1.4,62.5,-1.8
196509,64.7,-3.9,76.5,-5.4,53,-2.3
196510,58,1.5,72.5,2.5,43.5,0.5
196511,46.9,5,60,5.6,33.7,4.3
196512,37.4,5.9,48.4,5.8,26.4,6
196601,24.6,-4,35.6,-4.5,13.7,-3.5
196602,30.5,-2.9,42,-3.8,19,-2
196603,46.1,3.9,60.7,5.7,31.5,2
196604,50.9,-2.7,64.5,-2.2,37.2,-3.3
196605,64.2,0.7,79.6,3.6,48.8,-2.2
196606,73.9,0.5,86.8,0.9,61,0.2
196607,82.6,3.8,95,3.3,70.2,4.4
196608,73.4,-3.9,85.2,-5,61.7,-2.6
196609,66.2,-2.4,79,-2.9,53.6,-1.7
196610,55.6,-0.9,71.3,1.3,40,-3
196611,43.7,1.8,57.6,3.2,29.8,0.4
196612,29.7,-1.8,41.9,-0.7,17.5,-2.9
196701,31.8,3.2,44.1,4,19.5,2.3
196702,34.7,1.3,49.3,3.5,20.1,-0.9
196703,47.2,5,62.5,7.5,31.9,2.4
196704,57.3,3.7,70.1,3.4,44.6,4.1
196705,60.7,-2.8,73.8,-2.2,47.5,-3.5
196706,71.5,-1.9,82.8,-3.1,60.3,-0.5
196707,74.7,-4.1,86.2,-5.5,63.1,-2.7
196708,73.3,-4,86.7,-3.5,59.9,-4.4
196709,65.1,-3.5,77.8,-4.1,52.5,-2.8
196710,56.4,-0.1,70.5,0.5,42.3,-0.7
196711,41.3,-0.6,53.9,-0.5,28.7,-0.7
196712,32.2,0.7,42.7,0.1,21.8,1.4
196801,29.1,0.5,40.9,0.8,17.4,0.2
196802,32.6,-0.8,45.4,-0.4,19.8,-1.2
196803,46.4,4.2,61.4,6.4,31.4,1.9
196804,53.5,-0.1,67.7,1,39.3,-1.2
196805,59.2,-4.3,71.6,-4.4,46.9,-4.1
196806,74.6,1.2,87.6,1.7,61.6,0.8
196807,77.8,-1,90.4,-1.3,65.2,-0.6
196808,76.2,-1.1,87.9,-2.3,64.5,0.2
196809,67.2,-1.4,81.5,-0.4,52.8,-2.5
196810,57.9,1.4,72.2,2.2,43.6,0.6
196811,39.9,-2,50,-4.4,29.8,0.4
196812,27.4,-4.1,37.9,-4.7,16.8,-3.6
196901,27.7,-0.9,36.9,-3.2,18.4,1.2
196902,33.6,0.2,43.1,-2.7,24,3
196903,34,-8.2,44.8,-10.2,23.3,-6.2
196904,55.3,1.7,68.1,1.4,42.4,1.9
196905,64.5,1,75.9,-0.1,53.1,2.1
196906,69.7,-3.7,82.4,-3.5,57.1,-3.7
196907,80.3,1.5,92.6,0.9,68.1,2.3
196908,76.8,-0.5,88.7,-1.5,64.9,0.6
196909,69.2,0.6,80.9,-1,57.5,2.2
196910,51.5,-5,61.8,-8.2,41.2,-1.8
196911,42.9,1,57,2.6,28.9,-0.5
196912,32.2,0.7,41.9,-0.7,22.4,2
197001,25.8,-2.8,37.5,-2.6,14.1,-3.1
197002,37.5,4.1,53.1,7.3,22,1
197003,37.3,-4.9,48.6,-6.4,26.1,-3.4
197004,52.6,-1,66.2,-0.5,38.9,-1.6
197005,67.6,4.1,81.5,5.5,53.6,2.6
197006,72.6,-0.8,85.1,-0.8,60.1,-0.7
197007,79,0.2,93,1.3,65.1,-0.7
197008,80.3,3,94.6,4.4,66,1.7
197009,67.5,-1.1,80.4,-1.5,54.6,-0.7
197010,52.3,-4.2,63.6,-6.4,41,-2
197011,40.5,-1.4,52.5,-1.9,28.4,-1
197012,35,3.5,48.4,5.8,21.6,1.2
197101,26.9,-1.7,38.8,-1.3,15,-2.2
197102,29.5,-3.9,40.5,-5.3,18.5,-2.5
197103,41.2,-1,54.5,-0.5,28,-1.5
197104,54.5,0.9,68.2,1.5,40.8,0.3
197105,61.4,-2.1,74.6,-1.4,48.1,-2.9
197106,76.5,3.1,89.5,3.6,63.6,2.8
197107,76.1,-2.7,89.1,-2.6,63.2,-2.6
197108,75.5,-1.8,88.7,-1.5,62.2,-2.1
197109,68,-0.6,81.5,-0.4,54.6,-0.7
197110,58.7,2.2,72.1,2.1,45.3,2.3
197111,43.2,1.3,54.5,0.1,32,2.6
197112,34.4,2.9,43.1,0.5,25.6,5.2
197201,27.4,-1.2,39.6,-0.5,15.2,-2
197202,34.5,1.1,49.1,3.3,19.8,-1.2
197203,47.8,5.6,63.5,8.5,32.1,2.6
197204,54.7,1.1,68.6,1.9,40.7,0.2
197205,62.8,-0.7,75,-1,50.7,-0.3
197206,74.1,0.7,87.7,1.8,60.5,-0.3
197207,76,-2.8,87.8,-3.9,64.1,-1.7
197208,75.3,-2,87.5,-2.7,63.1,-1.2
197209,68.6,0,80.2,-1.7,57,1.7
197210,53.9,-2.6,65.3,-4.7,42.6,-0.4
197211,37.2,-4.7,45.3,-9.1,29.1,-0.3
197212,26,-5.5,35.6,-7,16.5,-3.9
197301,27.7,-0.9,37.4,-2.7,17.9,0.7
197302,34.6,1.2,45.6,-0.2,23.6,2.6
197303,45.4,3.2,53.7,-1.3,37.1,7.6
197304,50.4,-3.2,62.3,-4.4,38.5,-2
197305,61.2,-2.3,74.5,-1.5,47.9,-3.1
197306,74.4,1,88.4,2.5,60.3,-0.5
197307,77.8,-1,90.6,-1.1,65.1,-0.7
197308,78,0.7,91.4,1.2,64.6,0.3
197309,65.1,-3.5,74.5,-7.4,55.6,0.3
197310,59,2.5,72.4,2.4,45.7,2.7
197311,43.6,1.7,54.6,0.2,32.5,3.1
197312,30.7,-0.8,40.6,-2,20.9,0.5
197401,24.5,-4.1,34.8,-5.3,14.2,-3
197402,37.8,4.4,51.7,5.9,23.9,2.9
197403,46.7,4.5,59.8,4.8,33.5,4
197404,55.4,1.8,68.6,1.9,42.3,1.8
197405,66.7,3.2,79.8,3.8,53.6,2.6
197406,71.8,-1.6,85.3,-0.6,58.2,-2.6
197407,82.2,3.4,97,5.3,67.4,1.6
197408,73.2,-4.1,85.1,-5.1,61.4,-2.9
197409,61.7,-6.9,75.2,-6.7,48.2,-7.1
197410,58.1,1.6,70.3,0.3,45.9,2.9
197411,42.2,0.3,53.4,-1,30.9,1.5
197412,32.2,0.7,43.5,0.9,20.9,0.5
197501,31.8,3.2,43.2,3.1,20.4,3.2
197502,28.8,-4.6,38.9,-6.9,18.7,-2.3
197503,37.9,-4.3,49.3,-5.7,26.5,-3
197504,52.7,-0.9,65.6,-1.1,39.8,-0.7
197505,64,0.5,76.9,0.9,51,0
197506,71.9,-1.5,83.9,-2,59.9,-0.9
197507,78.1,-0.7,91.4,-0.3,64.9,-0.9
197508,78.9,1.6,92.4,2.2,65.4,1.1
197509,64.8,-3.8,78,-3.9,51.7,-3.6
197510,58.4,1.9,74.9,4.9,41.8,-1.2
197511,42.3,0.4,54,-0.4,30.5,1.1
197512,35.1,3.6,46.2,3.6,23.9,3.5
197601,30.8,2.2,44.2,4.1,17.3,0.1
197602,43.4,10,59,13.2,27.7,6.7
197603,43.9,1.7,57.6,2.6,30.2,0.7
197604,55.7,2.1,68,1.3,43.5,3
197605,59.9,-3.6,72.3,-3.7,47.5,-3.5
197606,72.7,-0.7,86.6,0.7,58.8,-2
197607,78.3,-0.5,91.2,-0.5,65.4,-0.4
197608,77.6,0.3,92.1,1.9,63.1,-1.2
197609,68,-0.6,81.6,-0.3,54.5,-0.8
197610,50.5,-6,63.8,-6.2,37.2,-5.8
197611,37.2,-4.7,51.6,-2.8,22.7,-6.7
197612,32.4,0.9,47.3,4.7,17.6,-2.8
197701,21,-7.6,32.6,-7.5,9.4,-7.8
197702,38.7,5.3,53.7,7.9,23.7,2.7
197703,46.3,4.1,60.3,5.3,32.3,2.8
197704,57.3,3.7,69.2,2.5,45.4,4.9
197705,67.7,4.2,78.8,2.8,56.6,5.6
197706,76,2.6,88.8,2.9,63.3,2.5
197707,80.9,2.1,93.8,2.1,68,2.2
197708,75.4,-1.9,86.8,-3.4,64,-0.3
197709,70,1.4,82.3,0.4,57.7,2.4
197710,56.8,0.3,70.7,0.7,42.9,-0.1
197711,42.8,0.9,54.3,-0.1,31.2,1.8
197712,32.5,1,45.2,2.6,19.9,-0.5
197801,19.1,-9.5,29.3,-10.8,8.9,-8.3
197802,21.2,-12.2,30.5,-15.3,12,-9
197803,41.2,-1,54.3,-0.7,28.1,-1.4
197804,55.9,2.3,68.4,1.7,43.3,2.8
197805,61.9,-1.6,73,-3,50.7,-0.3
197806,74.3,0.9,86.8,0.9,61.8,1
197807,81.2,2.4,95.5,3.8,66.9,1.1
197808,77.3,0,91.5,1.3,63.1,-1.2
197809,72.2,3.6,86.4,4.5,58,2.7
197810,56.6,0.1,72.6,2.6,40.6,-2.4
197811,41.8,-0.1,52.1,-2.3,31.5,2.1
197812,29.7,-1.8,41.5,-1.1,17.8,-2.6
197901,15,-13.6,24.6,-15.5,5.4,-11.8
197902,24.5,-8.9,36.6,-9.2,12.4,-8.6
197903,43.6,1.4,55.2,0.2,32.1,2.6
197904,52.7,-0.9,65.2,-1.5,40.3,-0.2
197905,61.5,-2,74,-2,48.9,-2.1
197906,72.6,-0.8,85.8,-0.1,59.3,-1.5
197907,77.8,-1,89.4,-2.3,66.2,0.4
197908,75.5,-1.8,88.2,-2,62.7,-1.6
197909,69.9,1.3,85.5,3.6,54.4,-0.9
197910,59.2,2.7,75,5,43.4,0.4
197911,39,-2.9,50.4,-4,27.6,-1.8
197912,36.2,4.7,49,6.4,23.3,2.9
198001,28.9,0.3,38.2,-1.9,19.6,2.4
198002,29,-4.4,39.4,-6.4,18.6,-2.4
198003,38.8,-3.4,50,-5,27.6,-1.9
198004,52.2,-1.4,65.2,-1.5,39.2,-1.3
198005,62.6,-0.9,75.2,-0.8,49.9,-1.1
198006,76.8,3.4,90.2,4.3,63.4,2.6
198007,85.5,6.7,100.8,9.1,70.2,4.4
198008,80.6,3.3,94.1,3.9,67.2,2.9
198009,70.9,2.3,84.9,3,56.8,1.5
198010,55.6,-0.9,71.4,1.4,39.7,-3.3
198011,44.4,2.5,58.6,4.2,30.3,0.9
198012,35.7,4.2,47.9,5.3,23.4,3
198101,33.1,4.5,46.6,6.5,19.6,2.4
198102,36.7,3.3,51.6,5.8,21.8,0.8
198103,45.3,3.1,58.2,3.2,32.5,3
198104,61.4,7.8,75.2,8.5,47.5,7
198105,60.3,-3.2,71.7,-4.3,48.9,-2.1
198106,75.8,2.4,88.5,2.6,63.1,2.3
198107,79.2,0.4,90.5,-1.2,68,2.2
198108,74.8,-2.5,86.9,-3.3,62.6,-1.7
198109,68.9,0.3,82.9,1,55,-0.3
198110,54.9,-1.6,66,-4,43.8,0.8
198111,45.3,3.4,57.4,3,33.2,3.8
198112,32.3,0.8,42.5,-0.1,22.1,1.7
198201,24.6,-4,37.2,-2.9,12.1,-5.1
198202,28.7,-4.7,40.8,-5,16.6,-4.4
198203,43.2,1,56.2,1.2,30.2,0.7
198204,51.4,-2.2,64.9,-1.8,37.9,-2.6
198205,63.9,0.4,75,-1,52.8,1.8
198206,68.1,-5.3,79.4,-6.5,56.9,-3.9
198207,78.8,0,91.3,-0.4,66.4,0.6
198208,77.9,0.6,90,-0.2,65.8,1.5
198209,68.4,-0.2,81.1,-0.8,55.7,0.4
198210,55.9,-0.6,70.3,0.3,41.5,-1.5
198211,40.8,-1.1,53.2,-1.2,28.4,-1
198212,34.6,3.1,45.6,3,23.7,3.3
198301,31,2.4,39.6,-0.5,22.3,5.1
198302,35.5,2.1,45.2,-0.6,25.8,4.8
198303,41.8,-0.4,51.4,-3.6,32.2,2.7
198304,46.8,-6.8,57.4,-9.3,36.2,-4.3
198305,59.4,-4.1,72.1,-3.9,46.8,-4.2
198306,70.3,-3.1,82.2,-3.7,58.4,-2.4
198307,81.3,2.5,95.2,3.5,67.4,1.6
198308,83.8,6.5,98.2,8,69.4,5.1
198309,71.1,2.5,85.6,3.7,56.6,1.3
198310,57.6,1.1,68.6,-1.4,46.5,3.5
198311,43.7,1.8,54.2,-0.2,33.2,3.8
198312,16,-15.5,24.6,-18,7.4,-13
198401,26.8,-1.8,37.6,-2.5,16,-1.2
198402,39.7,6.3,52.6,6.8,26.7,5.7
198403,38.5,-3.7,49,-6,27.9,-1.6
198404,49,-4.6,59.4,-7.3,38.6,-1.9
198405,62.2,-1.3,74.3,-1.7,50.1,-0.9
198406,74.4,1,87.2,1.3,61.7,0.9
198407,78.7,-0.1,92.6,0.9,64.8,-1
198408,79.5,2.2,94.1,3.9,64.9,0.6
198409,66.8,-1.8,81,-0.9,52.6,-2.7
198410,54.6,-1.9,65.3,-4.7,43.8,0.8
198411,43.4,1.5,56,1.6,30.8,1.4
198412,34.1,2.6,44.9,2.3,23.4,3
198501,23.4,-5.2,33.7,-6.4,13,-4.2
198502,28.2,-5.2,39.3,-6.5,17.1,-3.9
198503,46.5,4.3,59,4,34,4.5
198504,57.5,3.9,70.5,3.8,44.4,3.9
198505,65.6,2.1,78.3,2.3,53,2
198506,71.1,-2.3,84.3,-1.6,57.9,-2.9
198507,79,0.2,92.7,1,65.4,-0.4
198508,74.6,-2.7,86.6,-3.6,62.6,-1.7
198509,66.6,-2,78,-3.9,55.2,-0.1
198510,55,-1.5,66.6,-3.4,43.3,0.3
198511,35.9,-6,45.8,-8.6,26,-3.4
198512,27,-4.5,38.2,-4.4,15.7,-4.7
198601,37.8,9.2,52.8,12.7,22.9,5.7
198602,35.5,2.1,47.4,1.6,23.6,2.6
198603,49.8,7.6,64.3,9.3,35.4,5.9
198604,56.9,3.3,70.9,4.2,42.9,2.4
198605,64.3,0.8,76.8,0.8,51.8,0.8
198606,75.8,2.4,87.9,2,63.8,3
198607,80.7,1.9,93.3,1.6,68.1,2.3
198608,74.4,-2.9,85.9,-4.3,62.8,-1.5
198609,70.4,1.8,81.6,-0.3,59.2,3.9
198610,55.4,-1.1,66.4,-3.6,44.4,1.4
198611,39.3,-2.6,52,-2.4,26.6,-2.8
198612,34,2.5,44.3,1.7,23.7,3.3
198701,31,2.4,41.6,1.5,20.5,3.3
198702,40,6.6,50.9,5.1,29.2,8.2
198703,43.8,1.6,55.6,0.6,32,2.5
198704,55,1.4,69.3,2.6,40.7,0.2
198705,67.2,3.7,78.5,2.5,55.9,4.9
198706,74.8,1.4,87.4,1.5,62,1.2
198707,78.2,-0.6,90.3,-1.4,66.1,0.3
198708,76,-1.3,88.1,-2.1,63.8,-0.5
198709,67.5,-1.1,81,-0.9,54,-1.3
198710,53.6,-2.9,68,-2,39.3,-3.7
198711,44.9,3,55.9,1.5,33.8,4.4
198712,33.4,1.9,43.3,0.7,23.5,3.1
198801,25.4,-3.2,36.2,-3.9,14.6,-2.6
198802,32.2,-1.2,45.4,-0.4,18.9,-2.1
198803,43.1,0.9,57,2,29.1,-0.4
198804,52.4,-1.2,66.4,-0.3,38.4,-2.1
198805,66.2,2.7,79.1,3.1,53.1,2.1
198806,77.2,3.8,91.3,5.4,63.1,2.3
198807,78.1,-0.7,90.8,-0.9,65.4,-0.4
198808,79.2,1.9,92.7,2.5,65.7,1.4
198809,68.5,-0.1,82,0.1,55.1,-0.2
198810,53.7,-2.8,66.9,-3.1,40.6,-2.4
198811,44.5,2.6,58,3.6,31,1.6
198812,36.3,4.8,50.2,7.6,22.3,1.9
198901,36.2,7.6,49.8,9.7,22.6,5.4
198902,24.6,-8.8,35.5,-10.3,13.7,-7.3
198903,43.8,1.6,58.9,3.9,28.8,-0.7
198904,57.2,3.6,72.2,5.5,42.2,1.7
198905,64,0.5,76.6,0.6,51.4,0.4
198906,69.4,-4,80.8,-5.1,58,-2.8
198907,77.1,-1.7,89.3,-2.4,64.9,-0.9
198908,75,-2.3,86.1,-4.1,63.8,-0.5
198909,64.5,-4.1,77,-4.9,51.9,-3.4
198910,57.6,1.1,72.5,2.5,42.7,-0.3
198911,43.3,1.4,58.8,4.4,27.9,-1.5
198912,25,-6.5,37.7,-4.9,12.4,-8
199001,36.1,7.5,48.9,8.8,23.3,6.1
199002,36.1,2.7,47.8,2,24.5,3.5
199003,45.3,3.1,56.5,1.5,34.1,4.6
199004,52.7,-0.9,65.4,-1.3,40.1,-0.4
199005,60.4,-3.1,71.7,-4.3,49.1,-1.9
199006,76.8,3.4,89.7,3.8,63.9,3.1
199007,77.7,-1.1,90.2,-1.5,65.1,-0.7
199008,77,-0.3,89.7,-0.5,64.3,0
199009,71.9,3.3,85.8,3.9,58,2.7
199010,56.1,-0.4,70.8,0.8,41.4,-1.6
199011,48,6.1,61.9,7.5,34,4.6
199012,28,-3.5,39.6,-3,16.4,-4
199101,26,-2.6,36.5,-3.6,15.4,-1.8
199102,41.8,8.4,57.6,11.8,26.1,5.1
199103,46.8,4.6,60.7,5.7,32.8,3.3
199104,55.8,2.2,68.2,1.5,43.5,3
199105,67,3.5,78.6,2.6,55.4,4.4
199106,76.2,2.8,88,2.1,64.4,3.6
199107,80.1,1.3,93.8,2.1,66.3,0.5
199108,77,-0.3,90.3,0.1,63.8,-0.5
199109,68.3,-0.3,81.6,-0.3,55,-0.3
199110,56.8,0.3,72.1,2.1,41.6,-1.4
199111,36.3,-5.6,46.4,-8,26.2,-3.2
199112,36.3,4.8,45.6,3,26.9,6.5
199201,36.4,7.8,47.4,7.3,25.3,8.1
199202,41.7,8.3,53.7,7.9,29.7,8.7
199203,47.8,5.6,60.6,5.6,34.9,5.4
199204,54.6,1,67.9,1.2,41.2,0.7
199205,62.7,-0.8,75.2,-0.8,50.1,-0.9
199206,68.7,-4.7,79.4,-6.5,57.9,-2.9
199207,75.5,-3.3,87.4,-4.3,63.6,-2.2
199208,70.9,-6.4,82.1,-8.1,59.7,-4.6
199209,67.9,-0.7,81.3,-0.6,54.6,-0.7
199210,56.4,-0.1,70.3,0.3,42.4,-0.6
199211,37.8,-4.1,45.8,-8.6,29.7,0.3
199212,29.5,-2,38.9,-3.7,20.2,-0.2
199301,24.8,-3.8,33.2,-6.9,16.6,-0.6
199302,28.1,-5.3,37.3,-8.5,19,-2
199303,41,-1.2,51.4,-3.6,30.6,1.1
199304,50,-3.6,61.2,-5.5,38.8,-1.7
199305,62.3,-1.2,73.2,-2.8,51.4,0.4
199306,71.6,-1.8,83.3,-2.6,59.8,-1
199307,77.6,-1.2,88.6,-3.1,66.6,0.8
199308,76.9,-0.4,88.5,-1.7,65.2,0.9
199309,63.5,-5.1,76.6,-5.3,50.4,-4.9
199310,53.6,-2.9,66.3,-3.7,41,-2
199311,38.3,-3.6,50.8,-3.6,25.9,-3.5
199312,35.5,4,47,4.4,24,3.6
199401,28.8,0.2,40.2,0.1,17.5,0.3
199402,29.9,-3.5,42.6,-3.2,17.2,-3.8
199403,47.2,5,62.2,7.2,32.2,2.7
199404,53.4,-0.2,67,0.3,39.7,-0.8
199405,64.7,1.2,77.6,1.6,51.8,0.8
199406,77,3.6,90,4.1,64,3.2
199407,75.8,-3,88.7,-3,62.9,-2.9
199408,76.9,-0.4,90.2,0,63.6,-0.7
199409,68,-0.6,81.5,-0.4,54.5,-0.8
199410,57.5,1,70.1,0.1,44.9,1.9
199411,43.8,1.9,54.8,0.4,32.8,3.4
199412,36,4.5,46.3,3.7,25.6,5.2
199501,31.2,2.6,42.3,2.2,20,2.8
199502,39.2,5.8,52.7,6.9,25.8,4.8
199503,43.3,1.1,54.7,-0.3,31.9,2.4
199504,50.4,-3.2,63,-3.7,37.7,-2.8
199505,57.3,-6.2,67.2,-8.8,47.5,-3.5
199506,70.4,-3,82.2,-3.7,58.6,-2.2
199507,78.1,-0.7,91.3,-0.4,64.9,-0.9
199508,80.2,2.9,92.6,2.4,67.8,3.5
199509,66.2,-2.4,78.5,-3.4,53.8,-1.5
199510,56.2,-0.3,71.4,1.4,41,-2
199511,42.1,0.2,57.1,2.7,27.2,-2.2
199512,32.5,1,43.3,0.7,21.6,1.2
199601,27,-1.6,39.8,-0.3,14.1,-3.1
199602,36.2,2.8,51.7,5.9,20.7,-0.3
199603,37.8,-4.4,51.8,-3.2,23.7,-5.8
199604,53.5,-0.1,68.9,2.2,38,-2.5
199605,65.2,1.7,76.7,0.7,53.7,2.7
199606,74.4,1,87,1.1,61.9,1.1
199607,76.8,-2,88.6,-3.1,65,-0.8
199608,74.5,-2.8,85,-5.2,64,-0.3
199609,65,-3.6,76.5,-5.4,53.5,-1.8
199610,56.3,-0.2,69.1,-0.9,43.4,0.4
199611,38.2,-3.7,48.5,-5.9,28,-1.4
199612,32.1,0.6,44.8,2.2,19.4,-1
199701,28.6,0,41.1,1,16.1,-1.1
199702,34.8,1.4,44.7,-1.1,24.8,3.8
199703,46.6,4.4,61.9,6.9,31.3,1.8
199704,48.6,-5,60.7,-6,36.5,-4
199705,60.7,-2.8,74.4,-1.6,47,-4
199706,72.3,-1.1,84.4,-1.5,60.2,-0.6
199707,78.2,-0.6,90.7,-1,65.8,0
199708,75.1,-2.2,86.4,-3.8,63.8,-0.5
199709,69.9,1.3,82.2,0.3,57.6,2.3
199710,56.8,0.3,69.1,-0.9,44.6,1.6
199711,40.2,-1.7,51.1,-3.3,29.3,-0.1
199712,32.2,0.7,39.9,-2.7,24.6,4.2
199801,32.6,4,42.1,2,23.1,5.9
199802,39.6,6.2,49.2,3.4,30.1,9.1
199803,38.2,-4,48,-7,28.4,-1.1
199804,51.9,-1.7,64.2,-2.5,39.6,-0.9
199805,67.9,4.4,81.3,5.3,54.5,3.5
199806,73.6,0.2,87.6,1.7,59.7,-1.1
199807,79.6,0.8,90.6,-1.1,68.5,2.7
199808,77.9,0.6,90.3,0.1,65.5,1.2
199809,74.4,5.8,88,6.1,60.9,5.6
199810,58.5,2,70.7,0.7,46.2,3.2
199811,47.1,5.2,57.7,3.3,36.4,7
199812,34.5,3,46.4,3.8,22.6,2.2
199901,31.7,3.1,42.8,2.7,20.6,3.4
199902,42.8,9.4,56.3,10.5,29.2,8.2
199903,42.8,0.6,54.6,-0.4,31,1.5
199904,53.5,-0.1,65,-1.7,42,1.5
199905,63.1,-0.4,75.5,-0.5,50.7,-0.3
199906,71,-2.4,81.9,-4,60.1,-0.7
199907,80.4,1.6,92.4,0.7,68.5,2.7
199908,77.5,0.2,90.1,-0.1,64.8,0.5
199909,65.4,-3.2,77.7,-4.2,53.1,-2.2
199910,56.5,0,72,2,40.9,-2.1
199911,50.4,8.5,66.2,11.8,34.6,5.2
199912,36.8,5.3,48.9,6.3,24.8,4.4
200001,33.3,4.7,45.5,5.4,21.1,3.9
200002,41,7.6,54.8,9,27.3,6.3
200003,46.3,4.1,57.6,2.6,35,5.5
200004,53.8,0.2,68.5,1.8,39.2,-1.3
200005,66.5,3,79.5,3.5,53.4,2.4
200006,72,-1.4,84.5,-1.4,59.5,-1.3
200007,79,0.2,91.4,-0.3,66.6,0.8
200008,83,5.7,97.2,7,68.7,4.4
200009,71.1,2.5,87.1,5.2,55.2,-0.1
200010,59.4,2.9,71,1,47.7,4.7
200011,36.8,-5.1,47.9,-6.5,25.6,-3.8
200012,24.2,-7.3,34.7,-7.9,13.7,-6.7
200101,31,2.4,41.9,1.8,20.1,2.9
200102,30.4,-3,40.2,-5.6,20.6,-0.4
200103,41.1,-1.1,51.9,-3.1,30.3,0.8
200104,58.3,4.7,71.7,5,44.9,4.4
200105,65.1,1.6,77.5,1.5,52.7,1.7
200106,72.9,-0.5,85.3,-0.6,60.5,-0.3
200107,83,4.2,95.9,4.2,70.1,4.3
200108,79,1.7,92.7,2.5,65.3,1
200109,67.9,-0.7,80.9,-1,54.8,-0.5
200110,56.2,-0.3,70.5,0.5,42,-1
200111,49.2,7.3,62,7.6,36.5,7.1
200112,36.9,5.4,50.3,7.7,23.5,3.1
200201,33.8,5.2,47.3,7.2,20.2,3
200202,35.9,2.5,48.8,3,22.9,1.9
200203,39.2,-3,54.1,-0.9,24.4,-5.1
200204,56.4,2.8,69.9,3.2,42.8,2.3
200205,62.1,-1.4,75.2,-0.8,49,-2
200206,76.9,3.5,89.7,3.8,64.2,3.4
200207,80.7,1.9,93.8,2.1,67.6,1.8
200208,78.4,1.1,90.7,0.5,66.1,1.8
200209,70.4,1.8,84,2.1,56.8,1.5
200210,50.5,-6,60.6,-9.4,40.3,-2.7
200211,42.4,0.5,54.7,0.3,30,0.6
200212,35.5,4,47.6,5,23.4,3
200301,31.8,3.2,44.3,4.2,19.3,2.1
200302,31.3,-2.1,43.1,-2.7,19.6,-1.4
200303,44.2,2,56.7,1.7,31.6,2.1
200304,56.1,2.5,69.2,2.5,42.8,2.3
200305,62.9,-0.6,75.5,-0.5,50.3,-0.7
200306,70.4,-3,82.2,-3.7,58.7,-2.1
200307,81.8,3,96,4.3,67.5,1.7
200308,80.2,2.9,93.7,3.5,66.7,2.4
200309,65.1,-3.5,78.3,-3.6,52,-3.3
200310,58.3,1.8,72.6,2.6,43.9,0.9
200311,42.2,0.3,53.4,-1,31.1,1.7
200312,35.3,3.8,46.5,3.9,24,3.6
200401,30.4,1.8,42.2,2.1,18.5,1.3
200402,31.8,-1.6,43.3,-2.5,20.2,-0.8
200403,49.2,7,61.5,6.5,36.8,7.3
200404,54.9,1.3,67.9,1.2,41.9,1.4
200405,66.9,3.4,80.3,4.3,53.5,2.5
200406,71.2,-2.2,83.2,-2.7,59.2,-1.6
200407,75.2,-3.6,86.6,-5.1,63.9,-1.9
200408,72.7,-4.6,84.9,-5.3,60.4,-3.9
200409,70.8,2.2,84.6,2.7,57,1.7
200410,57.8,1.3,69.3,-0.7,46.4,3.4
200411,44.2,2.3,53.5,-0.9,35,5.6
200412,35.7,4.2,48.7,6.1,22.7,2.3
200501,29.9,1.3,39.2,-0.9,20.7,3.5
200502,39.2,5.8,50.3,4.5,28.1,7.1
200503,44.7,2.5,57.7,2.7,31.7,2.2
200504,55,1.4,67.7,1,42.3,1.8
200505,64.1,0.6,77.5,1.5,50.6,-0.4
200506,74.7,1.3,87,1.1,62.4,1.6
200507,78.7,-0.1,92,0.3,65.4,-0.4
200508,77.3,0,89.1,-1.1,65.4,1.1
200509,72.2,3.6,85.2,3.3,59.1,3.8
200510,57.7,1.2,70.7,0.7,44.7,1.7
200511,46.4,4.5,60.5,6.1,32.2,2.8
200512,30.8,-0.7,41.9,-0.7,19.7,-0.7
200601,41.3,12.7,55.5,15.4,27.1,9.9
200602,34.5,1.1,49.1,3.3,19.9,-1.1
200603,45.6,3.4,58.3,3.3,32.9,3.4
200604,59.6,6,74.9,8.2,44.3,3.8
200605,65.8,2.3,79,3,52.7,1.7
200606,75.8,2.4,89.6,3.7,61.9,1.1
200607,81.1,2.3,94.6,2.9,67.6,1.8
200608,78.8,1.5,90.7,0.5,66.8,2.5
200609,64.4,-4.2,77.7,-4.2,51.2,-4.1
200610,55.1,-1.4,67.7,-2.3,42.4,-0.6
200611,44.6,2.7,58.4,4,30.8,1.4
200612,35.9,4.4,47.4,4.8,24.5,4.1
200701,27,-1.6,36.6,-3.5,17.3,0.1
200702,30,-3.4,40.4,-5.4,19.7,-1.3
200703,52.3,10.1,64.5,9.5,40.1,10.6
200704,50.9,-2.7,62.5,-4.2,39.3,-1.2
200705,65.9,2.4,77.1,1.1,54.8,3.8
200706,72.3,-1.1,83.6,-2.3,61,0.2
200707,78,-0.8,89.7,-2,66.3,0.5
200708,81.5,4.2,93.4,3.2,69.6,5.3
200709,70.5,1.9,83.7,1.8,57.3,2
200710,59.1,2.6,72.8,2.8,45.3,2.3
200711,44.1,2.2,59.1,4.7,29.2,-0.2
200712,29.3,-2.2,39,-3.6,19.6,-0.8
200801,30,1.4,42.1,2,17.9,0.7
200802,32.3,-1.1,43.8,-2,20.7,-0.3
200803,43.2,1,56.6,1.6,29.9,0.4
200804,50.5,-3.1,63.3,-3.4,37.7,-2.8
200805,63,-0.5,76.2,0.2,49.7,-1.3
200806,73.8,0.4,86.6,0.7,61,0.2
200807,78.6,-0.2,91.2,-0.5,66,0.2
200808,75.2,-2.1,86.3,-3.9,64.2,-0.1
200809,66.4,-2.2,78.2,-3.7,54.6,-0.7
200810,55.4,-1.1,67.9,-2.1,42.9,-0.1
200811,44.6,2.7,56.8,2.4,32.5,3.1
200812,29.9,-1.6,42.2,-0.4,17.6,-2.8
200901,31.4,2.8,44.7,4.6,18,0.8
200902,39.7,6.3,55.1,9.3,24.4,3.4
200903,44.4,2.2,58.3,3.3,30.6,1.1
200904,52.1,-1.5,65,-1.7,39.1,-1.4
200905,63,-0.5,75,-1,51,0
200906,74.4,1,86.4,0.5,62.4,1.6
200907,75.6,-3.2,88,-3.7,63.2,-2.6
200908,74.4,-2.9,86.7,-3.5,62.2,-2.1
200909,65.3,-3.3,76.6,-5.3,54,-1.3
200910,48.8,-7.7,58.9,-11.1,38.8,-4.2
200911,47.6,5.7,59.6,5.2,35.6,6.2
200912,26.5,-5,36.6,-6,16.3,-4.1
201001,27.2,-1.4,36.9,-3.2,17.6,0.4
201002,29.9,-3.5,38.8,-7,21,0
201003,44.2,2,55.5,0.5,32.9,3.4
201004,57.8,4.2,71,4.3,44.7,4.2
201005,62.1,-1.4,73.9,-2.1,50.2,-0.8
201006,77,3.6,89.1,3.2,64.8,4
201007,79.6,0.8,90.9,-0.8,68.2,2.4
201008,79.7,2.4,93,2.8,66.4,2.1
201009,70.8,2.2,84.5,2.6,57.1,1.8
201010,59.1,2.6,74.3,4.3,44,1
201011,43.6,1.7,56.8,2.4,30.4,1
201012,32.3,0.8,44,1.4,20.6,0.2
201101,27.3,-1.3,39.4,-0.7,15.2,-2
201102,30.2,-3.2,43.4,-2.4,17,-4
201103,44.1,1.9,56.2,1.2,32,2.5
201104,55.2,1.6,69.1,2.4,41.2,0.7
201105,62.6,-0.9,75.8,-0.2,49.3,-1.7
201106,76.8,3.4,90.6,4.7,63,2.2
201107,84.9,6.1,98.7,7,71.1,5.3
201108,80.9,3.6,94.3,4.1,67.5,3.2
201109,66.2,-2.4,80.5,-1.4,51.8,-3.5
201110,57.5,1,72,2,42.9,-0.1
201111,43.7,1.8,56.4,2,31,1.6
201112,33.1,1.6,43.2,0.6,23,2.6
201201,36.1,7.5,49.7,9.6,22.5,5.3
201202,37.1,3.7,48.6,2.8,25.6,4.6
201203,55.5,13.3,69.2,14.2,41.8,12.3
201204,59.2,5.6,71.8,5.1,46.7,6.2
201205,69,5.5,83.4,7.4,54.7,3.7
201206,77.5,4.1,92,6.1,63,2.2
201207,84.4,5.6,99.1,7.4,69.7,3.9
201208,76.5,-0.8,91.3,1.1,61.7,-2.6
201209,68.2,-0.4,82.8,0.9,53.6,-1.7
201210,54,-2.5,67.6,-2.4,40.4,-2.6
201211,46.5,4.6,62.2,7.8,30.7,1.3
201212,34.6,3.1,46.9,4.3,22.2,1.8
201301,32.3,3.7,44.5,4.4,20.2,3
201302,33.6,0.2,45.6,-0.2,21.6,0.6
201303,40.3,-1.9,52.8,-2.2,27.8,-1.7
201304,48.4,-5.2,61.1,-5.6,35.8,-4.7
201305,63.3,-0.2,76.4,0.4,50.2,-0.8
201306,75.2,1.8,88.7,2.8,61.6,0.8
201307,77.2,-1.6,89.7,-2,64.8,-1
201308,76.5,-0.8,87.7,-2.5,65.4,1.1
201309,72.1,3.5,85.3,3.4,58.8,3.5
201310,55.2,-1.3,68.4,-1.6,42,-1
201311,41.3,-0.6,53.6,-0.8,29,-0.4
201312,29.2,-2.3,41.6,-1,16.8,-3.6
201401,29.6,1,43.1,3,16,-1.2
201402,27.8,-5.6,38.6,-7.2,17,-4
201403,40.6,-1.6,55.1,0.1,26.1,-3.4
201404,54,0.4,68.3,1.6,39.6,-0.9
201405,64.7,1.2,78.9,2.9,50.5,-0.5
201406,73.6,0.2,85,-0.9,62.1,1.3
201407,75.4,-3.4,87.9,-3.8,63,-2.8
201408,78.3,1,91.4,1.2,65.2,0.9
201409,68.2,-0.4,80.9,-1,55.6,0.3
201410,58.9,2.4,72.7,2.7,45.1,2.1
201411,38.5,-3.4,51.8,-2.6,25.1,-4.3
201412,34.6,3.1,43.1,0.5,26.1,5.7
201501,32.1,3.5,44.8,4.7,19.4,2.2
201502,31.2,-2.2,44,-1.8,18.4,-2.6
201503,46.8,4.6,61.7,6.7,31.8,2.3
201504,56.4,2.8,69.6,2.9,43.1,2.6
201505,61.7,-1.8,72.3,-3.7,51.1,0.1
201506,75.8,2.4,87.8,1.9,63.8,3
201507,78.9,0.1,90.8,-0.9,67,1.2
201508,75.2,-2.1,87.7,-2.5,62.6,-1.7
201509,74.2,5.6,87,5.1,61.3,6
201510,59.2,2.7,72.1,2.1,46.4,3.4
201511,46.5,4.6,58.5,4.1,34.5,5.1
201512,37.6,6.1,48.2,5.6,27.1,6.7
201601,32,3.4,42.8,2.7,21.2,4
201602,40.8,7.4,54.2,8.4,27.3,6.3
201603,49.7,7.5,64.8,9.8,34.5,5
201604,56.3,2.7,69.5,2.8,43.1,2.6
201605,61.6,-1.9,73.5,-2.5,49.7,-1.3
201606,77.5,4.1,90.6,4.7,64.4,3.6
201607,79.7,0.9,91.4,-0.3,68,2.2
201608,76.4,-0.9,87.7,-2.5,65.2,0.9
201609,70.8,2.2,83.3,1.4,58.3,3
201610,61.5,5,76,6,47,4
201611,49.9,8,63.8,9.4,36,6.6
201612,29.8,-1.7,42,-0.6,17.6,-2.8
201701,33,4.4,43.6,3.5,22.3,5.1
201702,43.1,9.7,57.9,12.1,28.4,7.4
201703,48.9,6.7,62.5,7.5,35.4,5.9
201704,55.6,2,67.3,0.6,43.9,3.4
201705,62.2,-1.3,75,-1,49.3,-1.7
201706,75.1,1.7,88.2,2.3,61.8,1
201707,80.1,1.3,92.7,1,67.5,1.7
201708,73.1,-4.2,85,-5.2,61.2,-3.1
201709,70.5,1.9,83.8,1.9,57.1,1.8
201710,57.6,1.1,71.1,1.1,44.2,1.2
201711,45.2,3.3,57.7,3.3,32.7,3.3
201712,33.6,2.1,46.3,3.7,20.8,0.4
201801,29.9,1.3,43.4,3.3,16.4,-0.8
201802,31.9,-1.5,44.6,-1.2,19.1,-1.9
201803,45.9,3.7,60.2,5.2,31.6,2.1
201804,47.6,-6,62.2,-4.5,33.1,-7.4
201805,71.1,7.6,84.6,8.6,57.7,6.7
201806,78.2,4.8,91,5.1,65.3,4.5
201807,78.7,-0.1,91.1,-0.6,66.3,0.5
201808,75.7,-1.6,87.4,-2.8,64.1,-0.2
201809,70.1,1.5,81,-0.9,59.1,3.8
201810,53.6,-2.9,65,-5,42.3,-0.7
201811,38.2,-3.7,49.8,-4.6,26.5,-2.9
201812,34.3,2.8,45.4,2.8,23.2,2.8
201901,31.3,2.7,41,0.9,21.5,4.3
201902,27.9,-5.5,37.7,-8.1,18,-3
201903,39.4,-2.8,50.3,-4.7,28.5,-1
201904,55.4,1.8,69.6,2.9,41.3,0.8
201905,60.5,-3,71.3,-4.7,49.7,-1.3
201906,72.4,-1,85,-0.9,59.8,-1
201907,78.6,-0.2,91.2,-0.5,66.1,0.3
201908,77.1,-0.2,88.3,-1.9,65.9,1.6
201909,75.2,6.6,87.2,5.3,63.2,7.9
201910,51.1,-5.4,64.1,-5.9,38,-5
201911,40.2,-1.7,53.8,-0.6,26.6,-2.8
201912,36.7,5.2,48.6,6,24.8,4.4
202001,34,5.4,44.8,4.7,23.1,5.9
202002,34.9,1.5,46.7,0.9,23,2
202003,47.9,5.7,59.7,4.7,36.2,6.7
202004,52.7,-0.9,67.5,0.8,37.8,-2.7
202005,61.7,-1.8,73.6,-2.4,49.7,-1.3
202006,77.7,4.3,91.2,5.3,64.2,3.4
202007,79.2,0.4,90.7,-1,67.7,1.9
202008,76.4,-0.9,89.1,-1.1,63.6,-0.7
202009,66.3,-2.3,79.8,-2.1,52.8,-2.5
202010,52.6,-3.9,66,-4,39.3,-3.7
202011,48.1,6.2,62.2,7.8,33.9,4.5
202012,35.9,4.4,48.2,5.6,23.5,3.1
202101,34,5.4,44.5,4.4,23.6,6.4
202102,24.1,-9.3,34.8,-11,13.3,-7.7
202103,48.1,5.9,60.6,5.6,35.5,6
202104,52.5,-1.1,65.8,-0.9,39.2,-1.3
202105,61.9,-1.6,72.6,-3.4,51.1,0.1
202106,75.8,2.4,88.4,2.5,63.3,2.5
202107,77.7,-1.1,89.8,-1.9,65.6,-0.2
202108,79.1,1.8,91.9,1.7,66.2,1.9
202109,73.3,4.7,87.7,5.8,58.9,3.6
202110,59.1,2.6,72.7,2.7,45.5,2.5
202111,46.7,4.8,60.3,5.9,33.2,3.8
202112,41.1,9.6,56.2,13.6,26,5.6
202201,29.8,1.2,43.5,3.4,16.2,-1
202202,31.8,-1.6,46.6,0.8,17.1,-3.9
202203,44.1,1.9,58.6,3.6,29.6,0.1
202204,54.1,0.5,69,2.3,39.2,-1.3
202205,64.7,1.2,76.9,0.9,52.4,1.4
202206,75.8,2.4,88.3,2.4,63.4,2.6
202207,81.1,2.3,94.2,2.5,67.9,2.1
202208,79.2,1.9,93.3,3.1,65.1,0.8
202209,72,3.4,87.2,5.3,56.8,1.5
202210,57.7,1.2,73.5,3.5,42,-1
202211,41.1,-0.8,54.3,-0.1,27.9,-1.5
202212,30.6,-0.9,42.7,0.1,18.6,-1.8
202301,33.1,4.5,43.7,3.6,22.4,5.2
202302,35.3,1.9,49.5,3.7,21,0
202303,42.1,-0.1,54.5,-0.5,29.7,0.2
202304,54.7,1.1,70.4,3.7,39,-1.5
